[
	"minecraft:skeleton-10-0-20",
	{
		"entity": "minecraft:skeleton",
		"weight": 20,
		"first_day": 0,
		"last_day": 30,
		"nbt": "{HandItems:[{id:stone_sword,Count:1}]}"
	},
	{
		"entity": "minecraft:skeleton_horse",
		"weight": 5,
		"first_day": 20,
		"last_day": 50,
		"nbt": "{Passengers:[{id:skeleton,HandItems:[{id:bow,Count:1b}]}]}"
	},
	"minecraft:stray-8-20-0",
	"minecraft:bogged-2-20-0",
	"minecraft:wither_skeleton-10-40-0",
	{
		"entity": "minecraft:skeleton_horse",
		"weight": 3,
		"first_day": 40,
		"last_day": 0,
		"nbt": "{Passengers:[{id:stray,HandItems:[{id:bow,Count:1b}]}]}"
	},
	{
		"entity": "minecraft:skeleton_horse",
		"weight": 2,
		"first_day": 40,
		"last_day": 0,
		"nbt": "{Passengers:[{id:bogged,HandItems:[{id:bow,Count:1b}]}]}"
	}
]