{
  "_documentation": "https://github.com/Luke100000/ImmersiveOptimization/wiki",
  "enableEntities": true,
  "enableBlockEntities": true,
  "enableDistanceCulling": true,
  "enableTrackingCulling": true,
  "enableViewportCulling": true,
  "minDistance": 6,
  "blocksPerLevel": 64,
  "blocksPerLevelDistanceCulled": 10,
  "blocksPerLevelTrackingCulled": 10,
  "blocksPerLevelViewportCulled": 20,
  "maxLevel": 20,
  "blocksPerLevelBlockEntities": 32,
  "stressedThreshold": 45,
  "minDecreaseFactor": 0.25,
  "dimensions": {
    "minecraft:overworld": true,
    "minecraft:the_nether": true,
    "minecraft:the_end": true
  },
  "entities": {
    "minecraft:ender_pearl": false,
    "fromanotherworld:starship": false,
    "minecraft:player": false,
    "valkyrienskies": false,
    "minecraft:arrow": false,
    "create": false,
    "minecraft:ender_dragon": false
  },
  "version": 2,
  "name": "immersive_optimization"
}