[
	{
		"entity": "minecraft:zombie",
		"chance": 0.75
	},
	{
		"entity": "minecraft:zombie_villager",
		"chance": 0.75
	},
	{
		"entity": "minecraft:husk",
		"chance": 0.8
	},
	{
		"entity": "minecraft:drowned",
		"chance": 0.7
	},
	{
		"entity": "minecraft:zombie_horse",
		"chance": 0.7
	},
	{
		"entity": "minecraft:zombified_piglin",
		"chance": 0.7
	},
	{
		"entity": "minecraft:zoglin",
		"chance": 0.5
	},
	{
		"entity": "hordes:zombie_player",
		"chance": 0.75
	},
	{
		"entity": "hordes:husk_player",
		"chance": 0.8
	},
	{
		"entity": "hordes:drowned_player",
		"chance": 0.7
	}
]