[
	{
		"item": "minecraft:leather_boots",
		"protection": 0.05
	},
	{
		"item": "minecraft:leather_leggings",
		"protection": 0.05
	},
	{
		"item": "minecraft:leather_chestplate",
		"protection": 0.05
	},
	{
		"item": "minecraft:leather_helmet",
		"protection": 0.05
	},
	{
		"item": "minecraft:chainmail_boots",
		"protection": 0.05
	},
	{
		"item": "minecraft:chainmail_leggings",
		"protection": 0.05
	},
	{
		"item": "minecraft:chainmail_chestplate",
		"protection": 0.05
	},
	{
		"item": "minecraft:chainmail_helmet",
		"protection": 0.05
	},
	{
		"item": "minecraft:iron_boots",
		"protection": 0.1
	},
	{
		"item": "minecraft:iron_leggings",
		"protection": 0.1
	},
	{
		"item": "minecraft:iron_chestplate",
		"protection": 0.1
	},
	{
		"item": "minecraft:iron_helmet",
		"protection": 0.1
	},
	{
		"item": "minecraft:golden_boots",
		"protection": 0.1
	},
	{
		"item": "minecraft:golden_leggings",
		"protection": 0.1
	},
	{
		"item": "minecraft:golden_chestplate",
		"protection": 0.1
	},
	{
		"item": "minecraft:golden_helmet",
		"protection": 0.1
	},
	{
		"item": "minecraft:diamond_boots",
		"protection": 0.15
	},
	{
		"item": "minecraft:diamond_leggings",
		"protection": 0.15
	},
	{
		"item": "minecraft:diamond_chestplate",
		"protection": 0.15
	},
	{
		"item": "minecraft:diamond_helmet",
		"protection": 0.15
	},
	{
		"item": "minecraft:netherite_boots",
		"protection": 0.2
	},
	{
		"item": "minecraft:netherite_leggings",
		"protection": 0.2
	},
	{
		"item": "minecraft:netherite_chestplate",
		"protection": 0.2
	},
	{
		"item": "minecraft:netherite_helmet",
		"protection": 0.2
	},
	{
		"item": "minecraft:turtle_helmet",
		"protection": 0.2
	},
	{
		"item": "minecraft:leather_horse_armor",
		"protection": 0.3
	},
	{
		"item": "minecraft:iron_horse_armor",
		"protection": 0.4
	},
	{
		"item": "minecraft:golden_horse_armor",
		"protection": 0.4
	},
	{
		"item": "minecraft:diamond_horse_armor",
		"protection": 0.5
	},
	{
		"item": "minecraft:wolf_armor",
		"protection": 0.5
	}
]