{
	"comments": [
		"used for determining if the config folder is up to date",
		"deleting this will regenerate your config folder",
		"for modpack authors: setting the value to -1 will prevent the config folder regenerating when updating the mod",
		"(keep an eye on base changes, in case they are needed for your pack when updating)"
	],
	"minecraft_version": "1.21",
	"mod_version": "1.6.3",
	"data_version": 9,
	"changes": [
		"added tooltip for infectivity attribute",
		"added dcclasses icon support"
	]
}